id,grn_number,po_id,quantity_received,quality_status,received_date,received_by,notes
1,GRN-202503-000001,2,145,approved,2025-03-24,Dennis Williams,Grow mouth class put young key.
2,GRN-202510-000002,5,57,approved,2025-10-26,Brooke Deleon,Finally moment coach bill.
3,GRN-202601-000003,10,658,approved,2026-01-19,Amanda Gonzalez,Will plant he edge these.
4,GRN-202508-000004,11,959,approved,2025-08-31,Michelle Wilson,Age worker may guy.
5,GRN-202505-000005,14,351,approved,2025-05-14,Erin Stokes,
6,GRN-202601-000006,28,698,approved,2026-01-05,Richard Copeland,
7,GRN-202504-000007,30,110,partial,2025-04-29,Kyle Mitchell,Mother across civil plant traditional front.
8,GRN-202604-000008,31,213,approved,2026-04-17,James Olsen,
9,GRN-202510-000009,39,718,approved,2025-10-30,Melissa Garrison,
10,GRN-202506-000010,50,676,approved,2025-06-08,Jasmine Banks,Have show benefit show prepare price ask speech.
11,GRN-202512-000011,59,278,approved,2025-12-02,Brian Montoya II,
12,GRN-202508-000012,63,382,approved,2025-08-24,Anna Matthews,
13,GRN-202511-000013,65,940,approved,2025-11-12,Justin Erickson,
14,GRN-202512-000014,66,427,approved,2025-12-05,Gloria Patel,Piece sing turn turn scientist.
15,GRN-202506-000015,71,782,partial,2025-06-13,Joshua Wilson,Attorney then we face set.
16,GRN-202506-000016,81,963,approved,2025-06-25,William Morris,Develop total goal them.
17,GRN-202601-000017,88,551,approved,2026-01-11,Stephanie Parks,
18,GRN-202503-000018,92,385,approved,2025-03-30,Vicki Brooks,
19,GRN-202507-000019,95,743,approved,2025-07-03,Jacob Kennedy,Develop mind guess deal able theory conference.
20,GRN-202601-000020,98,246,approved,2026-01-25,Keith Mendoza,
21,GRN-202511-000021,103,385,approved,2025-11-28,James Wright,Figure product easy beautiful difference information century.
22,GRN-202504-000022,106,876,partial,2025-04-20,Michael Lopez,Shake prevent never.
23,GRN-202505-000023,107,231,approved,2025-05-23,James Monroe,
24,GRN-202602-000024,112,580,approved,2026-02-10,Justin Lowe,
25,GRN-202510-000025,130,250,approved,2025-10-02,Donald Stephens,
26,GRN-202508-000026,135,254,approved,2025-08-11,Michelle Silva,
27,GRN-202511-000027,142,716,approved,2025-11-26,Mr. Richard Buck,
28,GRN-202604-000028,145,202,approved,2026-04-23,Kathleen Mclean,
29,GRN-202511-000029,151,608,approved,2025-11-28,Jesus Sharp,
30,GRN-202510-000030,152,519,approved,2025-10-20,Peter Smith,
31,GRN-202601-000031,153,991,approved,2026-01-13,Christina Kennedy,
32,GRN-202601-000032,158,270,partial,2026-01-24,Thomas Larson,
33,GRN-202511-000033,159,574,partial,2025-11-06,Renee Edwards,
34,GRN-202601-000034,165,471,approved,2026-01-01,Andrea Cruz,
35,GRN-202509-000035,176,771,approved,2025-09-05,Brian Bray,
36,GRN-202511-000036,179,886,approved,2025-11-25,Amber Randall,Expect purpose say wall.
37,GRN-202602-000037,180,322,approved,2026-02-25,David Hernandez,
38,GRN-202604-000038,189,861,approved,2026-04-09,Jay Russell,
39,GRN-202604-000039,191,391,approved,2026-04-02,April Wheeler,
40,GRN-202507-000040,196,585,approved,2025-07-08,Vickie Ho,Computer cold water ready.
41,GRN-202507-000041,197,112,approved,2025-07-07,Matthew Wright,
42,GRN-202510-000042,204,601,approved,2025-10-26,Timothy Cruz,Media realize edge reduce yard natural.
43,GRN-202512-000043,206,820,approved,2025-12-02,William Gilmore,
44,GRN-202511-000044,222,342,approved,2025-11-07,Teresa Wallace,
45,GRN-202505-000045,241,577,approved,2025-05-21,Melanie Nguyen,
46,GRN-202602-000046,243,153,approved,2026-02-05,Jessica Landry,
47,GRN-202603-000047,252,244,approved,2026-03-18,Amber Hahn,
48,GRN-202511-000048,254,131,approved,2025-11-24,Andrea Burns,
49,GRN-202507-000049,258,973,approved,2025-07-03,Bruce Norton,Indicate current particularly say first institution.
50,GRN-202601-000050,260,83,partial,2026-01-13,Zachary Gonzalez,Fast way system address.
51,GRN-202604-000051,269,355,approved,2026-04-02,Charles Hawkins,
52,GRN-202604-000052,274,507,approved,2026-04-12,Christopher Cruz,
53,GRN-202510-000053,276,260,partial,2025-10-26,Mariah Tran,
54,GRN-202510-000054,277,116,approved,2025-10-15,Ricky Anderson,Phone eye interest ask different third although film.
55,GRN-202602-000055,290,501,partial,2026-02-26,Carrie Jackson,All popular old owner.
56,GRN-202512-000056,292,26,approved,2025-12-05,Laurie Ramos,
57,GRN-202504-000057,298,468,approved,2025-04-03,Christopher Gutierrez,
58,GRN-202506-000058,309,708,approved,2025-06-30,Patrick Rivera,
59,GRN-202510-000059,332,497,approved,2025-10-04,Amanda Hunter,Mean level not.
60,GRN-202505-000060,338,242,approved,2025-05-11,Alexander Valencia,Stay true book family.
61,GRN-202508-000061,342,325,approved,2025-08-29,Amanda Hogan MD,Until religious change growth.
62,GRN-202508-000062,343,715,approved,2025-08-08,Lauren Thompson,
63,GRN-202508-000063,347,-3,approved,2025-08-31,Thomas Ramirez,
64,GRN-202506-000064,352,679,approved,2025-06-13,Michael Watkins,
65,GRN-202511-000065,355,177,approved,2025-11-10,Andre Mitchell,Guess movie reason character television hospital meet protect.
66,GRN-202602-000066,360,323,partial,2026-02-15,Ashley Williams,Friend memory drive hand.
67,GRN-202601-000067,375,668,approved,2026-01-10,Roberto Collins,
68,GRN-202509-000068,389,857,approved,2025-09-15,Melissa Wilson,
69,GRN-202512-000069,391,550,approved,2025-12-31,Meghan Valenzuela,Fly figure woman responsibility teach red.
70,GRN-202507-000070,392,66,approved,2025-07-18,Sherri Tyler,
71,GRN-202601-000071,393,550,approved,2026-01-02,Jennifer Hodges,
72,GRN-202510-000072,395,872,partial,2025-10-25,Sarah Miranda,Item image daughter bed.
73,GRN-202602-000073,400,841,approved,2026-02-17,Patricia Richardson,
74,GRN-202508-000074,403,467,approved,2025-08-19,Jesse Medina,
75,GRN-202602-000075,405,153,partial,2026-02-27,Jennifer Hebert,Determine may among down.
76,GRN-202512-000076,407,108,approved,2025-12-03,Nathan Hoover,
77,GRN-202601-000077,409,501,approved,2026-01-19,Nicole Mcconnell,Few south black leave.
78,GRN-202511-000078,421,413,approved,2025-11-21,Robert Anderson,Own of bit scene food show wonder film.
79,GRN-202506-000079,425,843,approved,2025-06-13,Justin Jacobs,
80,GRN-202509-000080,428,483,approved,2025-09-04,Denise Strickland,
81,GRN-202511-000081,434,661,approved,2025-11-24,Jodi White,Finish magazine throw ok.
82,GRN-202511-000082,435,230,approved,2025-11-08,Jeanette Dixon,
83,GRN-202506-000083,438,475,approved,2025-06-03,Michael Baird,
84,GRN-202510-000084,440,684,approved,2025-10-09,Leslie Curry,
85,GRN-202509-000085,449,34,approved,2025-09-21,Kelly Holloway,
86,GRN-202602-000086,450,745,approved,2026-02-04,Benjamin Washington II,
87,GRN-202602-000087,451,490,approved,2026-02-20,Sean Brown,
88,GRN-202503-000088,458,479,approved,2025-03-25,Rachel Haynes,Trial after across reveal concern early.
89,GRN-202601-000089,482,259,approved,2026-01-14,Eduardo Joseph,While create market meet director indeed kid.
90,GRN-202511-000090,489,105,approved,2025-11-04,Heather Anderson,
91,GRN-202603-000091,491,210,approved,2026-03-05,Kyle Floyd,Attention rest everything.
92,GRN-202505-000092,510,450,partial,2025-05-25,Stephanie Mitchell,Political event market approach east reason.
93,GRN-202512-000093,514,888,approved,2025-12-17,Michael Wu,
94,GRN-202511-000094,528,32,partial,2025-11-14,Zachary Taylor,Sure onto family technology long.
95,GRN-202505-000095,529,89,approved,2025-05-20,Susan Nguyen,Hot participant establish class range.
96,GRN-202505-000096,534,847,partial,2025-05-13,Aaron Adams,Vote her people heart wear its.
97,GRN-202510-000097,549,138,approved,2025-10-31,Veronica Lopez,Say important very begin.
98,GRN-202510-000098,551,558,approved,2025-10-19,Robert Wheeler,
99,GRN-202510-000099,552,209,approved,2025-10-30,Mason Russell,
100,GRN-202601-000100,554,978,approved,2026-01-29,Mitchell Gibson,Your provide article dream.
101,GRN-202604-000101,556,573,approved,2026-04-13,Carrie Melton,
102,GRN-202507-000102,557,685,approved,2025-07-20,Thomas Randolph,
103,GRN-202508-000103,567,985,approved,2025-08-02,Eric Buchanan,
104,GRN-202603-000104,574,439,approved,2026-03-11,Mrs. Courtney Nguyen,
105,GRN-202505-000105,577,326,partial,2025-05-24,Karen Arnold,Success letter maybe human scientist Democrat situation other.
106,GRN-202506-000106,578,313,approved,2025-06-29,Sarah Wu,
107,GRN-202511-000107,579,79,approved,2025-11-13,Stacey Shaffer,
108,GRN-202601-000108,581,431,approved,2026-01-15,Robert Olsen,
109,GRN-202508-000109,586,452,approved,2025-08-15,Craig Edwards,
110,GRN-202505-000110,590,843,approved,2025-05-12,Mary Hubbard,
111,GRN-202512-000111,594,788,approved,2025-12-06,Johnny Wheeler,
112,GRN-202509-000112,602,399,approved,2025-09-16,Kimberly Parker,Left affect federal second piece market.
113,GRN-202511-000113,603,740,approved,2025-11-02,Charles Taylor,
114,GRN-202505-000114,623,334,approved,2025-05-05,Aaron Mendoza,
115,GRN-202506-000115,633,596,approved,2025-06-01,Julia Zhang,
116,GRN-202601-000116,639,829,partial,2026-01-22,Angela Reeves,
117,GRN-202511-000117,640,160,approved,2025-11-25,George Knight,
118,GRN-202503-000118,646,332,approved,2025-03-28,Ryan Barber,
119,GRN-202601-000119,647,276,approved,2026-01-07,Dylan Irwin,
120,GRN-202601-000120,649,669,approved,2026-01-27,Kimberly Blankenship,Region sell early interest chance near late.
121,GRN-202506-000121,650,995,approved,2025-06-13,Kimberly Collins,
122,GRN-202506-000122,652,905,approved,2025-06-29,Rachel Owens,
123,GRN-202602-000123,653,236,approved,2026-02-05,Dean Allen,
124,GRN-202509-000124,660,527,partial,2025-09-02,Thomas White,
125,GRN-202602-000125,665,848,approved,2026-02-02,Christine Cherry,Professional above boy ahead cause line dream.
126,GRN-202507-000126,666,594,approved,2025-07-09,Joshua Ewing,
127,GRN-202511-000127,672,632,approved,2025-11-26,Chelsey Sims,
128,GRN-202512-000128,675,793,approved,2025-12-27,Mary Kerr,Customer line summer fight same expect floor.
129,GRN-202503-000129,676,900,approved,2025-03-24,Robert Rodriguez,
130,GRN-202505-000130,680,91,approved,2025-05-30,Anthony Anderson,
131,GRN-202504-000131,682,760,approved,2025-04-24,Ryan Robbins,
132,GRN-202509-000132,685,162,approved,2025-09-09,Kristen Morgan,
133,GRN-202510-000133,686,550,partial,2025-10-17,Jason Alexander,Statement movie like foot.
134,GRN-202511-000134,693,413,approved,2025-11-25,Derrick Miller,
135,GRN-202509-000135,699,531,approved,2025-09-19,Lindsey Clark,
136,GRN-202601-000136,702,802,approved,2026-01-17,Jonathan Mendoza,Listen red meet protect focus other.
137,GRN-202511-000137,708,845,approved,2025-11-20,Timothy Thomas,Again age my later top scene.
138,GRN-202508-000138,712,571,partial,2025-08-24,Ronald Ellis,Data away left role note.
139,GRN-202506-000139,713,973,approved,2025-06-28,Mrs. Jennifer Villarreal,
140,GRN-202512-000140,714,894,partial,2025-12-15,Matthew Garcia,
141,GRN-202601-000141,715,449,approved,2026-01-07,Brandon Summers,
142,GRN-202509-000142,727,855,approved,2025-09-15,Dr. Lori Ingram,
143,GRN-202604-000143,729,694,approved,2026-04-01,Tyler Oconnor,
144,GRN-202504-000144,732,503,approved,2025-04-26,Larry Black,
145,GRN-202512-000145,740,261,partial,2025-12-29,Justin Meyer,
146,GRN-202509-000146,741,275,approved,2025-09-27,Natasha King,Mother stock thank local actually.
147,GRN-202512-000147,746,822,approved,2025-12-24,Michael Brown,
148,GRN-202601-000148,749,515,approved,2026-01-28,Amy Medina,
149,GRN-202509-000149,756,127,approved,2025-09-29,Kelly Harding,
150,GRN-202507-000150,764,723,approved,2025-07-19,John Jackson,Growth pattern focus hour month.
151,GRN-202507-000151,771,794,approved,2025-07-23,Amy Anderson,Help enter citizen.
152,GRN-202511-000152,787,821,approved,2025-11-21,Eric Friedman,
153,GRN-202507-000153,795,652,approved,2025-07-01,Joseph Riley,Never begin fund writer voice assume.
154,GRN-202507-000154,797,152,approved,2025-07-01,Jay Combs,Pattern popular their nothing join interesting former.
155,GRN-202506-000155,804,404,approved,2025-06-15,Amy King,
156,GRN-202507-000156,808,749,partial,2025-07-05,Rodney Reyes,
157,GRN-202601-000157,811,45,approved,2026-01-26,Danielle Brown,
158,GRN-202505-000158,817,710,approved,2025-05-23,Roberta Brown,
159,GRN-202507-000159,820,661,approved,2025-07-28,Joe Stephens,
160,GRN-202506-000160,825,578,approved,2025-06-29,Jonathon Riggs,
161,GRN-202511-000161,832,908,approved,2025-11-15,Ryan Ford,Far civil city new.
162,GRN-202508-000162,844,60,partial,2025-08-20,Debra Hernandez,
163,GRN-202601-000163,846,62,approved,2026-01-25,Laura Johnson,
164,GRN-202510-000164,850,535,approved,2025-10-25,Nicholas Hahn,Realize approach team occur watch ask.
165,GRN-202601-000165,851,185,approved,2026-01-20,Ms. Christina Ramirez,
166,GRN-202509-000166,855,678,approved,2025-09-21,Carol Holden,Financial bag push themselves follow tree.
167,GRN-202509-000167,858,440,approved,2025-09-22,Diana Scott,Reach development million hundred computer mention price.
168,GRN-202509-000168,862,289,approved,2025-09-21,Dennis Potts,
169,GRN-202602-000169,865,961,approved,2026-02-24,James Marks,
170,GRN-202510-000170,876,119,approved,2025-10-21,Andrew Choi,Moment moment help ball total all.
171,GRN-202509-000171,878,40,approved,2025-09-13,Herbert Higgins,Yard many table yeah lay themselves difference.
172,GRN-202601-000172,883,86,approved,2026-01-02,Michael Hendrix,Road audience serious at no interest other.
173,GRN-202508-000173,893,354,approved,2025-08-30,Meghan Marshall,
174,GRN-202512-000174,899,214,approved,2025-12-22,Kristopher Smith,
175,GRN-202604-000175,910,993,approved,2026-04-04,William Pace,
176,GRN-202508-000176,921,333,approved,2025-08-26,Brian Miller,
177,GRN-202506-000177,922,147,partial,2025-06-17,David Long,
178,GRN-202602-000178,925,926,approved,2026-02-28,Leslie Patterson,
179,GRN-202508-000179,931,627,approved,2025-08-28,Matthew Smith,
180,GRN-202601-000180,939,953,approved,2026-01-07,Richard Smith,
181,GRN-202504-000181,941,800,approved,2025-04-04,Lisa Harris,
182,GRN-202509-000182,943,759,approved,2025-09-08,David Welch,
183,GRN-202507-000183,944,901,approved,2025-07-03,Joseph Hernandez,Quite care pay certainly member.
184,GRN-202511-000184,946,411,partial,2025-11-09,Randy Hutchinson,
185,GRN-202511-000185,949,428,approved,2025-11-30,April Payne,
186,GRN-202601-000186,952,118,approved,2026-01-22,Jenna Coleman,
187,GRN-202601-000187,958,728,approved,2026-01-18,Kevin Smith,Spend Mr radio floor create on walk.
188,GRN-202505-000188,959,164,approved,2025-05-14,Janet Gutierrez,
189,GRN-202511-000189,966,877,approved,2025-11-22,Kathryn Miller,
190,GRN-202509-000190,972,880,approved,2025-09-26,Sarah Brock,
191,GRN-202508-000191,975,622,approved,2025-08-23,Brittany Adams,Consumer hold whether up lawyer race whom.
192,GRN-202604-000192,982,108,approved,2026-04-29,Herbert Perez,
193,GRN-202512-000193,984,330,approved,2025-12-24,Anthony Cantrell,
194,GRN-202511-000194,993,317,approved,2025-11-22,Kayla Smith,Drug less life sport.
195,GRN-202603-000195,995,738,approved,2026-03-30,Steven Vasquez,
196,GRN-202506-000196,1005,864,approved,2025-06-20,Mr. Samuel Flores,Will collection option become various.
197,GRN-202510-000197,1012,29,approved,2025-10-13,Patricia Thomas,Cost write money wide officer ask baby.
198,GRN-202601-000198,1013,350,approved,2026-01-14,Ann Perkins,Top stage leg simply tough couple.
199,GRN-202512-000199,1016,466,approved,2025-12-08,Rebekah Smith,Shake recognize because animal Mr.
200,GRN-202510-000200,1017,319,approved,2025-10-21,James Abbott,
201,GRN-202505-000201,1027,71,partial,2025-05-16,Janet Collins,
202,GRN-202602-000202,1032,338,approved,2026-02-16,Desiree Johnson,
203,GRN-202505-000203,1033,948,approved,2025-05-28,Brandon Peters,
204,GRN-202509-000204,1036,233,approved,2025-09-17,Danny Owens,
205,GRN-202504-000205,1043,815,approved,2025-04-28,Michael Hale,
206,GRN-202507-000206,1046,344,approved,2025-07-16,Jose Rojas,Wall environment finally bring.
207,GRN-202505-000207,1052,411,partial,2025-05-08,Sharon Harris,
208,GRN-202510-000208,1056,157,approved,2025-10-21,Jose Barry,White fast audience role would.
209,GRN-202511-000209,1074,718,approved,2025-11-30,Donna Ellis,Hotel gas after design.
210,GRN-202506-000210,1075,521,approved,2025-06-11,Rachel Nunez,
211,GRN-202602-000211,1077,619,approved,2026-02-13,Jessica Deleon,Unit you compare quite.
212,GRN-202510-000212,1078,754,partial,2025-10-30,Lauren Mueller,
213,GRN-202601-000213,1079,945,approved,2026-01-20,Steven Strickland,Huge wall watch still beyond hotel.
214,GRN-202510-000214,1082,78,approved,2025-10-16,Erica Smith,
215,GRN-202510-000215,1085,681,approved,2025-10-05,Anthony May,
216,GRN-202508-000216,1090,714,approved,2025-08-24,Robert Hall,Poor maybe general federal quality either.
217,GRN-202602-000217,1091,650,approved,2026-02-23,Zachary Martin,
218,GRN-202602-000218,1092,50,partial,2026-02-12,Kevin Anthony,
219,GRN-202602-000219,1096,115,approved,2026-02-26,Samantha Rosario,
220,GRN-202506-000220,1100,988,approved,2025-06-30,Dustin Sharp MD,
221,GRN-202504-000221,1115,607,approved,2025-04-06,Daniel Allen,
222,GRN-202602-000222,1116,183,approved,2026-02-01,Dylan Ross,Car star pressure win return rich body.
223,GRN-202512-000223,1121,670,approved,2025-12-20,Nathan Patterson,Expect left national from leg personal.
224,GRN-202509-000224,1130,503,approved,2025-09-14,Jonathan Price,
225,GRN-202504-000225,1139,867,approved,2025-04-23,Maria Carney,
226,GRN-202512-000226,1148,197,approved,2025-12-24,Joe Gallagher,Television help television agent professional politics.
227,GRN-202503-000227,1149,400,approved,2025-03-23,Laurie Taylor,
228,GRN-202508-000228,1154,547,approved,2025-08-11,Matthew Richardson,
229,GRN-202603-000229,1156,21,partial,2026-03-15,Courtney Sexton,
230,GRN-202510-000230,1163,1004,approved,2025-10-26,Daniel Williams,
231,GRN-202602-000231,1167,455,approved,2026-02-24,Dana Montes,
232,GRN-202509-000232,1170,953,approved,2025-09-04,Jeffrey Gray,Rest husband great lead middle indicate surface.
233,GRN-202511-000233,1173,962,approved,2025-11-13,Allison Martinez,Institution data agency improve reach day pretty leader.
234,GRN-202509-000234,1177,95,approved,2025-09-05,Heather White DDS,Design interest morning education describe wear.
235,GRN-202509-000235,1184,30,approved,2025-09-02,Heather Gardner,
236,GRN-202510-000236,1190,71,approved,2025-10-17,Jennifer Powers,Hundred something meeting name production plant fall accept.
237,GRN-202601-000237,1198,617,approved,2026-01-20,Cody Dorsey,Now action always stage us magazine seven.
238,GRN-202508-000238,1217,280,approved,2025-08-06,Joseph Morris,Future here behind form strong writer.
239,GRN-202510-000239,1218,811,approved,2025-10-19,Patrick Daniel,
240,GRN-202504-000240,1219,752,approved,2025-04-21,Traci Rivera,Scientist exist push others white develop.
241,GRN-202510-000241,1221,374,approved,2025-10-09,Lisa Roth,State Democrat rock.
242,GRN-202509-000242,1222,380,approved,2025-09-23,Edwin Lopez,Leg situation part everybody.
243,GRN-202507-000243,1235,901,partial,2025-07-10,Vanessa Gates,
244,GRN-202510-000244,1241,711,approved,2025-10-12,James Horn,Far ago near performance citizen go.
245,GRN-202510-000245,1254,994,approved,2025-10-15,Megan Glenn,Rock plan other direction role.
246,GRN-202506-000246,1261,334,approved,2025-06-14,Don Martinez,
247,GRN-202505-000247,1264,984,approved,2025-05-11,Maria Burns,
248,GRN-202508-000248,1265,505,approved,2025-08-29,Joanne Wheeler,
249,GRN-202507-000249,1279,48,approved,2025-07-29,James Johnson,Man expect couple low.
250,GRN-202506-000250,1294,540,approved,2025-06-11,Richard Espinoza,
251,GRN-202508-000251,1295,186,approved,2025-08-05,Steven Oconnor,Attack program scene operation Mr herself.
252,GRN-202511-000252,1303,576,approved,2025-11-29,Victoria Mooney,
253,GRN-202510-000253,1307,138,approved,2025-10-13,Tammy Morgan,Tonight professor what oil until once however hand.
254,GRN-202506-000254,1314,34,partial,2025-06-06,Mary Rose,
255,GRN-202601-000255,1317,614,partial,2026-01-24,Rebecca Brown,
256,GRN-202601-000256,1319,871,approved,2026-01-23,Jillian Glass,
257,GRN-202508-000257,1320,169,approved,2025-08-06,Matthew Velasquez,
258,GRN-202510-000258,1328,433,approved,2025-10-23,Connie Hughes,Drop act skill new performance.
259,GRN-202602-000259,1343,785,approved,2026-02-02,Misty Johnson,
260,GRN-202602-000260,1352,95,approved,2026-02-07,Jamie Erickson,
261,GRN-202510-000261,1355,834,approved,2025-10-31,Tracy Robertson,
262,GRN-202601-000262,1361,496,approved,2026-01-09,Anthony Wells,Sell decide summer agreement add.
263,GRN-202602-000263,1362,675,approved,2026-02-25,Jennifer Scott,
264,GRN-202511-000264,1367,373,approved,2025-11-04,Jill Castillo,
265,GRN-202510-000265,1374,889,approved,2025-10-10,Brandon Weiss,Actually decision race office but cause worry.
266,GRN-202511-000266,1377,399,approved,2025-11-02,Stephanie Anderson,Hotel position same learn move tax.
267,GRN-202507-000267,1381,865,approved,2025-07-16,Deanna Sweeney,
268,GRN-202505-000268,1383,407,approved,2025-05-19,Dale Romero,Explain way change current line.
269,GRN-202504-000269,1385,280,approved,2025-04-26,James Ellison,Technology car send.
270,GRN-202507-000270,1387,80,approved,2025-07-21,David Johnson,According half radio pick owner yes what.
271,GRN-202508-000271,1389,407,approved,2025-08-21,Jeffery Woods,Positive for suggest claim almost once.
272,GRN-202511-000272,1391,530,approved,2025-11-18,Bruce Barnes,Campaign impact the data official enter.
273,GRN-202507-000273,1393,633,partial,2025-07-18,Sandra Ramsey,
274,GRN-202510-000274,1404,828,approved,2025-10-01,Lisa Bennett,
275,GRN-202510-000275,1410,508,partial,2025-10-16,Carl Robinson,Member suddenly good possible.
276,GRN-202602-000276,1412,92,approved,2026-02-22,Kenneth Ponce,
277,GRN-202510-000277,1439,994,approved,2025-10-29,Beverly Smith,Require court listen side friend international kid.
278,GRN-202602-000278,1445,26,approved,2026-02-08,Ryan Harris,Woman well blue some official help.
279,GRN-202601-000279,1449,381,approved,2026-01-10,Kelly Watson,
280,GRN-202507-000280,1467,572,approved,2025-07-31,Michael Mendez,Provide then place culture cold more great most.
281,GRN-202511-000281,1473,895,approved,2025-11-05,Katherine Aguirre,
282,GRN-202601-000282,1474,954,approved,2026-01-31,Karina Green,
283,GRN-202511-000283,1476,500,approved,2025-11-21,Amy Wilson,
284,GRN-202601-000284,1486,997,partial,2026-01-21,Ernest Powell,Financial election cell ever.
285,GRN-202512-000285,1492,975,approved,2025-12-29,Mark Baldwin,
286,GRN-202601-000286,1493,336,approved,2026-01-13,Jonathan Ochoa,
287,GRN-202504-000287,1496,758,approved,2025-04-10,Julia Maxwell,
288,GRN-202509-000288,1503,853,approved,2025-09-13,Chelsea Thompson,Myself medical response important dog pull.
289,GRN-202511-000289,1506,833,approved,2025-11-06,Todd Jones,
290,GRN-202511-000290,1514,943,partial,2025-11-19,Tyler Vincent,
291,GRN-202508-000291,1517,597,approved,2025-08-22,Dana Singh,
292,GRN-202509-000292,1521,466,approved,2025-09-13,Hannah Shepard,Easy political imagine become tonight policy.
293,GRN-202508-000293,1535,881,approved,2025-08-11,Andrew Hooper,
294,GRN-202602-000294,1538,760,approved,2026-02-28,Jason Curry,
295,GRN-202510-000295,1540,529,approved,2025-10-13,Robert Powell,Score seat billion impact lawyer expect order.
296,GRN-202511-000296,1547,450,partial,2025-11-25,Jacob Roberts,
297,GRN-202508-000297,1552,869,approved,2025-08-07,Michael Rodriguez,
298,GRN-202508-000298,1554,206,approved,2025-08-17,Kendra Wright,
299,GRN-202602-000299,1559,440,approved,2026-02-28,Erin Hull,
300,GRN-202505-000300,1563,897,approved,2025-05-20,Matthew Blackburn,
301,GRN-202511-000301,1566,624,approved,2025-11-13,Brittany Cameron,Above dinner memory nature again service.
302,GRN-202602-000302,1569,728,approved,2026-02-22,Benjamin Ellis,Force mind building identify miss how determine.
303,GRN-202509-000303,1587,206,approved,2025-09-25,Nathan Francis,
304,GRN-202507-000304,1590,82,approved,2025-07-23,Ashley Williams,Meeting blue long.
305,GRN-202510-000305,1591,739,approved,2025-10-31,Angela Baker,Add some should through.
306,GRN-202506-000306,1601,829,approved,2025-06-11,Karen Francis,Every trouble life instead itself.
307,GRN-202602-000307,1602,959,approved,2026-02-11,Amanda Conway,
308,GRN-202603-000308,1604,731,partial,2026-03-17,Gavin Gates,
309,GRN-202511-000309,1605,112,approved,2025-11-27,Michael Miller,
310,GRN-202505-000310,1609,81,approved,2025-05-08,Karen Rodriguez,According call day local be system job.
311,GRN-202507-000311,1614,473,approved,2025-07-25,Kara Ewing,
312,GRN-202508-000312,1616,761,approved,2025-08-29,James Bishop,
313,GRN-202509-000313,1617,977,approved,2025-09-07,Harry Howard,
314,GRN-202505-000314,1625,430,approved,2025-05-22,Brad Pham,
315,GRN-202508-000315,1631,401,approved,2025-08-10,Katelyn Acevedo,
316,GRN-202603-000316,1634,795,approved,2026-03-19,Roger Fritz,
317,GRN-202601-000317,1636,629,approved,2026-01-23,Jaime Wagner,Trip rate some main.
318,GRN-202507-000318,1637,984,approved,2025-07-02,Melissa Carr,
319,GRN-202505-000319,1644,430,approved,2025-05-01,Christopher Lester,
320,GRN-202511-000320,1661,150,approved,2025-11-02,Michael Barry,
321,GRN-202511-000321,1662,805,approved,2025-11-21,Daniel Ruiz,
322,GRN-202508-000322,1664,836,approved,2025-08-24,Timothy Baker,
323,GRN-202604-000323,1669,165,approved,2026-04-01,Andres Garcia,
324,GRN-202510-000324,1676,141,approved,2025-10-05,Jill Patel,Candidate drop player thousand through notice.
325,GRN-202601-000325,1679,810,approved,2026-01-29,Anthony Page,Former individual figure a break watch.
326,GRN-202512-000326,1681,836,approved,2025-12-26,Richard Gray,
327,GRN-202603-000327,1691,200,approved,2026-03-16,Matthew Sweeney,
328,GRN-202601-000328,1693,135,approved,2026-01-19,Michael Ward,
329,GRN-202601-000329,1695,21,approved,2026-01-31,Robert Collins PhD,Affect significant bag drive Mrs finally dream.
330,GRN-202503-000330,1710,240,approved,2025-03-31,Abigail Conrad,
331,GRN-202512-000331,1719,817,approved,2025-12-02,Jesse Wilson,Employee threat piece anyone truth.
332,GRN-202510-000332,1722,610,approved,2025-10-18,Zachary Chen,
333,GRN-202512-000333,1727,601,approved,2025-12-14,Douglas Sims MD,
334,GRN-202509-000334,1728,321,approved,2025-09-13,Teresa Williams,
335,GRN-202506-000335,1735,474,partial,2025-06-28,Russell Bell,
336,GRN-202509-000336,1742,364,approved,2025-09-04,Daisy Chavez,
337,GRN-202504-000337,1751,379,approved,2025-04-07,Sarah Mcdonald,
338,GRN-202507-000338,1758,287,approved,2025-07-21,Tara Anderson,
339,GRN-202505-000339,1760,804,partial,2025-05-11,Brenda Velazquez,
340,GRN-202511-000340,1761,520,approved,2025-11-05,Robert Johnson,
341,GRN-202601-000341,1769,385,approved,2026-01-01,Steven Simon,
342,GRN-202508-000342,1776,299,approved,2025-08-31,Matthew Larson,
343,GRN-202509-000343,1795,972,approved,2025-09-01,Michael Roman,Stuff manager doctor different director.
344,GRN-202512-000344,1806,110,approved,2025-12-06,Jonathan Lambert,
345,GRN-202505-000345,1810,960,approved,2025-05-22,Julian Johnson,Deal recently impact daughter especially.
346,GRN-202509-000346,1813,621,approved,2025-09-01,Judy Vance,Rate rock any know they kitchen worker.
347,GRN-202602-000347,1820,671,approved,2026-02-01,David Bishop,
348,GRN-202603-000348,1822,159,approved,2026-03-01,John Weeks,Once sort say ago discover admit success.
349,GRN-202601-000349,1825,84,partial,2026-01-27,James King,
350,GRN-202602-000350,1834,177,approved,2026-02-04,Mr. Scott Martin,Coach rate our.
351,GRN-202508-000351,1835,305,approved,2025-08-22,Matthew Stein,Wide paper guess fish.
352,GRN-202508-000352,1838,730,approved,2025-08-04,Julie Mccoy,
353,GRN-202512-000353,1839,715,partial,2025-12-19,James Velazquez,
354,GRN-202601-000354,1841,460,approved,2026-01-20,Cheyenne Smith,
355,GRN-202602-000355,1848,645,approved,2026-02-25,Jacob Harris,
356,GRN-202509-000356,1854,417,approved,2025-09-20,John Rice,
357,GRN-202508-000357,1855,109,approved,2025-08-16,Alexander Moore,Sound appear fill marriage enjoy provide.
358,GRN-202505-000358,1856,979,approved,2025-05-16,Christina Jordan,Yard computer worry entire forward father.
359,GRN-202602-000359,1860,651,approved,2026-02-15,Craig Hawkins,
360,GRN-202511-000360,1863,440,approved,2025-11-07,Gabriela Clark,Body education paper describe tonight.
361,GRN-202504-000361,1867,656,approved,2025-04-16,Linda Walker,
362,GRN-202510-000362,1871,738,partial,2025-10-12,Dave Rose,Pick social phone door space per air treatment.
363,GRN-202506-000363,1896,794,approved,2025-06-26,Sarah Smith,
364,GRN-202510-000364,1906,259,approved,2025-10-12,Teresa Sanders,Man western four.
365,GRN-202601-000365,1907,672,approved,2026-01-16,Frederick Ramirez,
366,GRN-202509-000366,1912,791,approved,2025-09-06,Jose King,Foreign sign religious plan cause society save seem.
367,GRN-202505-000367,1923,770,approved,2025-05-06,Crystal Weaver,
368,GRN-202504-000368,1925,11,approved,2025-04-27,Lauren Day,
369,GRN-202604-000369,1934,699,approved,2026-04-03,Sara Palmer,
370,GRN-202506-000370,1941,899,approved,2025-06-19,Marcus Zimmerman,
371,GRN-202509-000371,1953,730,approved,2025-09-18,Christy Pineda,What body tree argue edge over.
372,GRN-202602-000372,1958,980,partial,2026-02-19,Anna Gill,
373,GRN-202510-000373,1959,322,approved,2025-10-28,Patricia Walter,Memory want into real.
374,GRN-202505-000374,1961,375,approved,2025-05-04,Paula Turner,
375,GRN-202504-000375,1965,471,approved,2025-04-05,Jerry Johnson,
376,GRN-202511-000376,1966,763,approved,2025-11-24,Robert Williamson,Environment have want position fall raise.
377,GRN-202512-000377,1996,767,partial,2025-12-25,Kendra Green,Car forward social business drug.
378,GRN-202603-000378,2002,853,approved,2026-03-11,Jennifer Wilson,Push account nation.
379,GRN-202508-000379,2011,451,approved,2025-08-08,Sarah Barnes,
